{
  "model": "gpt2",
  "n_layers": 12,
  "n_heads": 12,
  "wave_config": {
    "freq_min": 0.1,
    "freq_max": 10.0,
    "n_harmonics": 4
  },
  "results": [
    {
      "name": "factual_1",
      "prompt": "The capital of France is",
      "n_tokens": 5,
      "mean_frequency": 3.4953051990954607,
      "output_entropy": 5.998456954956055,
      "top_token": " the",
      "wave_coherence_layer_0": 0.5109222850750137,
      "wave_coherence_layer_final": 0.5109222850750137,
      "wave_coherences": [
        0.5109222850750137,
        0.5109222850750137,
        0.5109222850750137,
        0.5109222850750137,
        0.5109222850750137,
        0.5109222850750137,
        0.5109222850750137,
        0.5109222850750137,
        0.5109222850750137,
        0.5109222850750137,
        0.5109222850750137,
        0.5109222850750137
      ]
    },
    {
      "name": "factual_2",
      "prompt": "Water boils at one hundred degrees",
      "n_tokens": 6,
      "mean_frequency": 6.069791355275743,
      "output_entropy": 2.997404098510742,
      "top_token": " Fahrenheit",
      "wave_coherence_layer_0": 0.418464470286532,
      "wave_coherence_layer_final": 0.41846447028653194,
      "wave_coherences": [
        0.418464470286532,
        0.41846447028653194,
        0.41846447028653194,
        0.418464470286532,
        0.418464470286532,
        0.41846447028653194,
        0.41846447028653194,
        0.41846447028653194,
        0.418464470286532,
        0.418464470286532,
        0.41846447028653194,
        0.41846447028653194
      ]
    },
    {
      "name": "factual_3",
      "prompt": "The chemical symbol for gold is",
      "n_tokens": 6,
      "mean_frequency": 4.566758686662905,
      "output_entropy": 5.5967488288879395,
      "top_token": " the",
      "wave_coherence_layer_0": 0.42958771891948516,
      "wave_coherence_layer_final": 0.42958771891948516,
      "wave_coherences": [
        0.42958771891948516,
        0.42958771891948516,
        0.42958771891948516,
        0.42958771891948516,
        0.42958771891948516,
        0.4295877189194852,
        0.42958771891948516,
        0.42958771891948516,
        0.42958771891948516,
        0.42958771891948516,
        0.42958771891948516,
        0.42958771891948516
      ]
    },
    {
      "name": "factual_4",
      "prompt": "The Earth orbits around the",
      "n_tokens": 5,
      "mean_frequency": 4.163450347749635,
      "output_entropy": 1.0754426717758179,
      "top_token": " sun",
      "wave_coherence_layer_0": 0.4672860072966066,
      "wave_coherence_layer_final": 0.4672860072966067,
      "wave_coherences": [
        0.4672860072966066,
        0.4672860072966067,
        0.4672860072966067,
        0.46728600729660663,
        0.4672860072966067,
        0.4672860072966067,
        0.4672860072966067,
        0.46728600729660663,
        0.4672860072966067,
        0.46728600729660663,
        0.4672860072966067,
        0.4672860072966067
      ]
    },
    {
      "name": "factual_5",
      "prompt": "The speed of light in vacuum is approximately",
      "n_tokens": 8,
      "mean_frequency": 4.316419912055052,
      "output_entropy": 4.765700817108154,
      "top_token": " 1",
      "wave_coherence_layer_0": 0.3694896755159596,
      "wave_coherence_layer_final": 0.36948967551595957,
      "wave_coherences": [
        0.3694896755159596,
        0.3694896755159596,
        0.3694896755159596,
        0.3694896755159596,
        0.3694896755159597,
        0.3694896755159596,
        0.3694896755159596,
        0.3694896755159596,
        0.3694896755159596,
        0.3694896755159596,
        0.3694896755159596,
        0.36948967551595957
      ]
    },
    {
      "name": "narrative_1",
      "prompt": "She opened the door and saw",
      "n_tokens": 6,
      "mean_frequency": 4.284055561899851,
      "output_entropy": 5.396193504333496,
      "top_token": " a",
      "wave_coherence_layer_0": 0.44725297286308474,
      "wave_coherence_layer_final": 0.44725297286308474,
      "wave_coherences": [
        0.44725297286308474,
        0.44725297286308474,
        0.44725297286308474,
        0.44725297286308474,
        0.44725297286308474,
        0.44725297286308474,
        0.44725297286308474,
        0.44725297286308474,
        0.44725297286308474,
        0.44725297286308474,
        0.44725297286308474,
        0.44725297286308474
      ]
    },
    {
      "name": "narrative_2",
      "prompt": "The old man walked slowly towards the",
      "n_tokens": 7,
      "mean_frequency": 4.745247116760283,
      "output_entropy": 6.759858131408691,
      "top_token": " door",
      "wave_coherence_layer_0": 0.4566179607035651,
      "wave_coherence_layer_final": 0.4566179607035651,
      "wave_coherences": [
        0.4566179607035651,
        0.4566179607035651,
        0.4566179607035651,
        0.4566179607035651,
        0.4566179607035651,
        0.4566179607035651,
        0.4566179607035651,
        0.4566179607035651,
        0.45661796070356503,
        0.4566179607035651,
        0.4566179607035651,
        0.4566179607035651
      ]
    },
    {
      "name": "narrative_3",
      "prompt": "In the darkness of the forest, something moved",
      "n_tokens": 9,
      "mean_frequency": 3.583945685601338,
      "output_entropy": 4.119828701019287,
      "top_token": ".",
      "wave_coherence_layer_0": 0.3853078687967934,
      "wave_coherence_layer_final": 0.3853078687967934,
      "wave_coherences": [
        0.3853078687967934,
        0.3853078687967934,
        0.3853078687967934,
        0.3853078687967934,
        0.3853078687967934,
        0.3853078687967934,
        0.3853078687967934,
        0.3853078687967934,
        0.3853078687967934,
        0.3853078687967934,
        0.3853078687967934,
        0.3853078687967934
      ]
    },
    {
      "name": "narrative_4",
      "prompt": "After years of searching, he finally found the",
      "n_tokens": 9,
      "mean_frequency": 3.70910425607747,
      "output_entropy": 6.08341646194458,
      "top_token": " right",
      "wave_coherence_layer_0": 0.40271062309605665,
      "wave_coherence_layer_final": 0.40271062309605665,
      "wave_coherences": [
        0.40271062309605665,
        0.40271062309605665,
        0.40271062309605665,
        0.40271062309605665,
        0.40271062309605665,
        0.40271062309605665,
        0.40271062309605665,
        0.40271062309605665,
        0.40271062309605665,
        0.40271062309605665,
        0.40271062309605665,
        0.40271062309605665
      ]
    },
    {
      "name": "technical_1",
      "prompt": "The quantum mechanical wave function describes probability amplitudes",
      "n_tokens": 9,
      "mean_frequency": 7.395358887876319,
      "output_entropy": 3.731940269470215,
      "top_token": " in",
      "wave_coherence_layer_0": 0.42013392611571604,
      "wave_coherence_layer_final": 0.42013392611571604,
      "wave_coherences": [
        0.42013392611571604,
        0.42013392611571604,
        0.42013392611571604,
        0.42013392611571604,
        0.42013392611571604,
        0.42013392611571604,
        0.42013392611571604,
        0.42013392611571604,
        0.42013392611571604,
        0.42013392611571604,
        0.42013392611571604,
        0.42013392611571604
      ]
    },
    {
      "name": "technical_2",
      "prompt": "In machine learning, gradient descent optimizes the loss function by",
      "n_tokens": 12,
      "mean_frequency": 5.902934523910193,
      "output_entropy": 6.065252304077148,
      "top_token": " using",
      "wave_coherence_layer_0": 0.3434962196961827,
      "wave_coherence_layer_final": 0.3434962196961827,