{
  "model": "gpt2",
  "n_layers": 12,
  "n_heads": 12,
  "prompts": {
    "quantum": {
      "prompt": "The quantum mechanical wave function describes tunneling inside stars",
      "coherence": [
        0.6221632957458496,
        0.24269022047519684,
        0.47042346000671387,
        0.6058561205863953,
        0.4615798890590668,
        0.5930160284042358,
        0.688327968120575,
        0.6220345497131348,
        0.5358192920684814,
        0.6071559190750122,
        0.4332652986049652,
        0.1346379816532135
      ],
      "interference": [
        0.8823017477989197,
        0.8561779260635376,
        0.6014350056648254,
        0.87774658203125,
        0.7908438444137573,
        0.9271830916404724,
        0.9683874249458313,
        0.9785584807395935,
        0.9171128869056702,
        0.9395298957824707,
        0.8684840202331543,
        0.838594377040863
      ],
      "spectral_concentration": [
        0.07477725256400203,
        0.06884031213095332,
        0.02123175295068791,
        0.011511322722781991,
        0.012027919994485825,
        0.011886024095833503,
        0.01112459627357365,
        0.010716385021631414,
        0.010325650213704018,
        0.010206040789529247,
        0.010032478856996874,
        0.00999680446439788
      ],
      "output_entropy": 3.380000352859497,
      "top_token": ".",
      "tokens": [
        "The",
        " quantum",
        " mechanical",
        " wave",
        " function",
        " describes",
        " tunnel",
        "ing",
        " inside",
        " stars"
      ]
    },
    "legal": {
      "prompt": "This agreement indemnifies the contractor against all third-party claims arising from negligence",
      "coherence": [
        0.5364292860031128,
        0.21231329441070557,
        0.3785809874534607,
        0.5405632853507996,
        0.3022761046886444,
        0.7303633093833923,
        0.6274653077125549,
        0.4318992495536804,
        0.5079712867736816,
        0.6153044104576111,
        0.46898484230041504,
        0.36930328607559204
      ],
      "interference": [
        0.871208131313324,
        0.8519441485404968,
        0.6150803565979004,
        0.7961916923522949,
        0.781112551689148,
        0.9263926148414612,
        0.8948622345924377,
        0.9298644065856934,
        0.9333019256591797,
        0.9520930647850037,
        0.9570559859275818,
        0.8265335559844971
      ],
      "spectral_concentration": [
        0.07105132280034965,
        0.06646960845019234,
        0.02378363444554732,
        0.011235788144438486,
        0.01176224597859099,
        0.01179824103988758,
        0.010960894903489948,
        0.01061176685906573,
        0.010276106899937298,
        0.010123308265569286,
        0.010000011151373056,
        0.009997445801792959
      ],
      "output_entropy": 2.331049680709839,
      "top_token": ",",
      "tokens": [
        "This",
        " agreement",
        " indemn",
        "ifies",
        " the",
        " contractor",
        " against",
        " all",
        " third",
        "-",
        "party",
        " claims",
        " arising",
        " from",
        " negligence"
      ]
    },
    "riddle": {
      "prompt": "I speak without a mouth and hear without ears; what am I?",
      "coherence": [
        0.7470665574073792,
        0.28077423572540283,
        0.26507142186164856,
        0.3215159773826599,
        0.4534390866756439,
        0.627600371837616,
        0.5000736117362976,
        0.5778413414955139,
        0.5890485644340515,
        0.6184499263763428,
        0.5797610282897949,
        0.18314455449581146
      ],
      "interference": [
        0.9256989359855652,
        0.8578734397888184,
        0.5302339196205139,
        0.6392151117324829,
        0.7332792282104492,
        0.9065327644348145,
        0.8929697871208191,
        0.9575383067131042,
        0.9500572681427002,
        0.9858683347702026,
        0.9768807291984558,
        0.8190449476242065
      ],
      "spectral_concentration": [
        0.06984576883202542,
        0.0682612646304076,
        0.028616111717164827,
        0.01092449900632153,
        0.011612814365546953,
        0.011555254334342235,
        0.010764164657561803,
        0.010447905154633341,
        0.01008587019513385,
        0.009959045725264959,
        0.009767526345671462,
        0.009735138807221988
      ],
      "output_entropy": 5.103277206420898,
      "top_token": " I",
      "tokens": [
        "I",
        " speak",
        " without",
        " a",
        " mouth",
        " and",
        " hear",
        " without",
        " ears",
        ";",
        " what",
        " am",
        " I",
        "?"
      ]
    },
    "coding": {
      "prompt": "Write a Python function that returns the greatest common divisor using Euclid's algorithm",
      "coherence": [
        0.5265580415725708,
        0.25306883454322815,
        0.37886565923690796,
        0.2702915370464325,
        0.2006775438785553,
        0.22710736095905304,
        0.29527363181114197,
        0.45740777254104614,
        0.5594247579574585,
        0.6013013124465942,
        0.4995672106742859,
        0.3625549077987671
      ],
      "interference": [
        0.8857319951057434,
        0.8708857297897339,
        0.5947064161300659,
        0.6846567988395691,
        0.6689285635948181,
        0.8011903166770935,
        0.8216429352760315,
        0.9106588959693909,
        0.8727200627326965,
        0.9456427693367004,
        0.8448778986930847,
        0.8352941274642944
      ],
      "spectral_concentration": [
        0.06939394663722054,
        0.07133423275873618,
        0.025261997308286266,
        0.011456408208331825,
        0.011902618700930123,
        0.011804013076442854,
        0.011082989510070473,
        0.010735464809133788,
        0.010296148693532237,
        0.010244120197359763,
        0.009907257730615626,
        0.00987943972110572
      ],
      "output_entropy": 2.4416885375976562,
      "top_token": ".",
      "tokens": [
        "Write",
        " a",
        " Python",
        " function",
        " that",
        " returns",
        " the",
        " greatest",
        " common",
        " div",
        "is",
        "or",
        " using",
        " Eucl",
        "id",
        "'s",
        " algorithm"
      ]
    },
    "ambiguous": {
      "prompt": "Describe the color of a square circle",
      "coherence": [
        0.4175373911857605,
        0.38181400299072266,
        0.6135456562042236,
        0.5185456871986389,
        0.44220733642578125,
        0.4143770933151245,
        0.3250714838504791,
        0.3514500856399536,
        0.40787273645401,
        0.3097892999649048,
        0.26398998498916626,
        0.16047610342502594
      ],
      "interference": [
        0.8746128082275391,
        0.8514591455459595,
        0.6085301041603088,
        0.7537713646888733,
        0.7379013895988464,
        0.9167993068695068,
        0.916327714920044,
        0.9260812401771545,
        0.9404010772705078,
        0.9508040547370911,
        0.8862395882606506,
        0.8208149671554565
      ],
      "spectral_concentration": [
        0.07333336158624659,
        0.07142377949251844,
        0.021758611620712243,
        0.010495283954691792,
        0.011209573478416335,
        0.011274749391187111,
        0.010586995202182314,
        0.010187682506596296,
        0.009875110693689293,
        0.009786365631650806,
        0.009526704153834387,
        0.00957151760431274
      ],
      "output_entropy": 4.017486572265625,
      "top_token": ".",
      "tokens": [
        "Desc",
        "ribe",
        " the",
        " color",
        " of",
        " a",
        " square",
        " circle"
      ]
    }
  }
}